

-- ==============================================================================
-- BƯỚC 1: NẠP DỮ LIỆU DANH MỤC GỐC (MASTER DATA)
-- ==============================================================================

-- 1. Bảng Mức Lương (9 Chức vụ)
INSERT INTO MucLuong (TenChucVu, LuongTrachNhiem, PhuCapChucVu) VALUES
('Quản lý', 5000000, 1000000),             -- ID 1
('Nhân viên phục vụ', 3000000, 200000),    -- ID 2
('Lễ tân', 3500000, 300000),               -- ID 3
('Bảo vệ', 2000000, 100000),               -- ID 4
('Kế toán', 5500000, 500000),              -- ID 5
('Tạp vụ', 2500000, 100000),               -- ID 6
('Kỹ thuật âm thanh', 4500000, 400000),    -- ID 7
('Trưởng phòng nhân sự', 7000000, 1500000),-- ID 8
('Bảo vệ trưởng', 3500000, 500000);        -- ID 9

-- 2. Bảng Ca Làm Việc (3 Ca)
INSERT INTO CaLamViec (TenCa, GioBatDau, GioKetThuc, LuongCa) VALUES
('Ca ngày', '10:00:00', '17:00:00', 180000),
('Ca tối', '17:00:00', '22:00:00', 150000),
('Ca đêm', '22:00:00', '03:00:00', 250000);

-- 3. Bảng Loại Phòng (3 Loại)
INSERT INTO LoaiPhong (TenLoaiPhong, GiaTheoGio) VALUES
('Phòng Thường', 150000),
('Phòng VIP', 300000),
('Phòng Super VIP', 500000);

-- 4. Bảng Sản Phẩm (25 Sản phẩm)
INSERT INTO SanPham (TenSP, Gia, SoLuongTon) VALUES
('Heineken (Lon)', 25000, 500), ('Nước suối', 10000, 200),
('Trái cây dĩa (Lớn)', 150000, 50), ('Snack', 15000, 100),
('Tiger (Lon)', 28000, 500), ('Sapporo (Lon)', 35000, 300),
('Strongbow', 32000, 200), ('Coca Cola', 18000, 400),
('Sting dâu', 18000, 400), ('Nước cam ép', 20000, 150),
('Bò húc', 25000, 200), ('Rượu Chivas 18', 2500000, 20),
('Rượu Hennessy', 2800000, 15), ('Shisha', 350000, 50),
('Mực nướng', 180000, 100), ('Khoai tây chiên', 45000, 100),
('Trái cây dĩa nhỏ', 80000, 60), ('Combo lẩu bia', 850000, 30),
('Hạt hướng dương', 25000, 200), ('Khăn lạnh', 5000, 1000),
('Kẹo cao su', 10000, 300), ('Mì xào bò', 65000, 50),
('Cánh gà chiên mắm', 120000, 40), ('Xúc xích nướng', 50000, 100),
('Lavie', 10000, 500);

-- 5. Bảng Khách Hàng (8 Khách hàng)
INSERT INTO KhachHang (HoTen, SoDienThoai) VALUES
('Khách lẻ', '0944556787'), ('Nguyễn Triệu Phú', '0933445566'),
('Kiều nữ đại gia', '0944556677'), ('Lê Minh Tâm', '0912000111'), 
('Trần Thanh Hải', '0912000222'), ('Vũ Thị Thu', '0912000333'), 
('Đặng Hoàng Nam', '0912000444'), ('Bùi Văn Sang', '0988999888');


-- ==============================================================================
-- BƯỚC 2: NẠP DỮ LIỆU TẦNG 2 (NHÂN VIÊN, PHÒNG)
-- ==============================================================================

-- 6. Bảng Nhân Viên (19 Nhân viên)
INSERT INTO NhanVien (HoTen, SoDienThoai, MaMucLuong) VALUES
('Nguyễn Văn A', '0901234567', 1), ('Trần Thị B', '0907654321', 2),
('Lê Văn C', '0911223344', 2), ('Phạm Văn D', '0988776655', 4),
('Nguyễn Văn E', '0912345001', 2), ('Trần Thị F', '0912345002', 2),
('Lê Văn G', '0912345003', 3), ('Phạm Thị H', '0912345004', 3),
('Hoàng Văn I', '0912345005', 4), ('Vũ Văn K', '0912345006', 4),
('Đặng Thị L', '0912345007', 5), ('Bùi Văn M', '0912345008', 6),
('Ngô Văn N', '0912345009', 7), ('Lý Thị O', '0912345010', 8),
('Đỗ Văn P', '0912345011', 2), ('Phan Thị Q', '0912345012', 3),
('Mai Văn R', '0912345013', 4), ('Hà Văn S', '0912345014', 2),
('Tào Văn T', '0912345015', 3);

-- 7. Bảng Phòng (16 Phòng - Trạng thái gốc: 'Trong' / 'Dang Su Dung')
INSERT INTO Phong (MaLoaiPhong, TenPhong, TrangThai) VALUES
(1, 'P.101', 'Trống'), (1, 'P.102', 'Đang Sử Dụng'), (1, 'P.103', 'Trống'), 
(1, 'P.104', 'Đang Sử Dụng'), (1, 'P.105', 'Trống'), (1, 'P.106', 'Trống'), 
(2, 'VIP.01', 'Trống'), (2, 'VIP.02', 'Trống'), (2, 'VIP.03', 'Trống'), 
(2, 'VIP.04', 'Đang Sử Dụng'), (2, 'VIP.05', 'Trống'), (3, 'S-VIP.01', 'Trống'),
(3, 'S-VIP.02', 'Đang Sử Dụng'), (3, 'S-VIP.03', 'Đang Sử Dụng'), 
(1, 'P.201', 'Trống'), (1, 'P.202', 'Trống');


-- ==============================================================================
-- BƯỚC 3: KỊCH BẢN VẬN HÀNH (THÁNG 02 VÀ 03/2026)
-- ==============================================================================

-- 8. Bảng Phòng Đã Đặt
INSERT INTO PhongDaDat (MaPhong, GioVao, GioRa) VALUES
-- Các phòng khách đã hát xong (Rải rác tháng 2 và giữa tháng 3)
(1, '2026-02-14 10:00:00', '2026-02-14 13:00:00'),
(2, '2026-02-20 19:00:00', '2026-02-20 22:30:00'),
(7, '2026-03-08 14:00:00', '2026-03-08 17:00:00'),
(12, '2026-03-15 21:00:00', '2026-03-16 01:00:00'),
(1, '2026-03-25 19:00:00', '2026-03-25 21:00:00'),
-- Các phòng ĐANG hát (Thời điểm hiện tại - Cuối tháng 3 / Đầu tháng 4)
(2, '2026-04-29 19:00:00', NULL), 
(4, '2026-04-29 20:30:00', NULL), 
(10, '2026-04-29 21:00:00', NULL), 
(13, '2026-04-29 21:30:00', NULL), 
(14, '2026-04-29 22:00:00', NULL);

-- 9. Bảng Chi Tiết Sản Phẩm
INSERT INTO ChiTietSanPham (MaPhongDaDat, MaSP, SoLuong, DonGia) VALUES
(1, 1, 5, 25000), (1, 3, 1, 150000), 
(2, 2, 2, 10000), (3, 5, 10, 28000), (3, 15, 2, 180000), 
(4, 12, 1, 2500000), (4, 17, 2, 80000),
(6, 8, 5, 18000), (6, 19, 2, 25000),
(8, 5, 12, 28000), (8, 20, 5, 5000);

-- 10. Bảng Hóa Đơn
INSERT INTO HoaDon (MaNV, MaKH, MaPhongDaDat, TongTien, TrangThai) VALUES
(2, 2, 1, 725000, 'Đã Thanh Toán'),
(3, 1, 2, 545000, 'Đã Thanh Toán'),
(2, 4, 3, 1540000, 'Đã Thanh Toán'),
(3, 5, 4, 4660000, 'Đã Thanh Toán'),
(2, 6, 5, 300000, 'Đã Thanh Toán'),
(3, 8, 6, 0, 'Chưa Thanh Toán'),
(2, 1, 7, 0, 'Chưa Thanh Toán'),
(3, 2, 8, 0, 'Chưa Thanh Toán'),
(2, 3, 9, 0, 'Chưa Thanh Toán'),
(3, 4, 10, 0, 'Chưa Thanh Toán');


-- ==============================================================================
-- BƯỚC 4: KỊCH BẢN NHÂN SỰ VÀ LƯƠNG (THÁNG 02 VÀ 03/2026)
-- ==============================================================================

-- 11. Bảng Phân Ca
INSERT INTO PhanCa (MaCa, MaNV, NgayLamViec) VALUES
-- Một số ca làm tháng 02/2026
(1, 2, '2026-02-05'), (2, 2, '2026-02-14'), (3, 3, '2026-02-20'), (1, 4, '2026-02-25'),
-- Ca làm việc tháng 03/2026 (NV1 và NV2 đạt 21 ca)
(1, 1, '2026-03-11'), (1, 1, '2026-03-12'), (1, 1, '2026-03-13'), 
(1, 1, '2026-03-14'), (1, 1, '2026-03-15'), (1, 1, '2026-03-16'),
(1, 1, '2026-03-17'), (1, 1, '2026-03-18'), (1, 1, '2026-03-19'),
(1, 1, '2026-03-20'), (1, 1, '2026-03-21'), (1, 1, '2026-03-22'),
(1, 1, '2026-03-23'), (1, 1, '2026-03-24'), (1, 1, '2026-03-25'),
(1, 1, '2026-03-26'), (1, 1, '2026-03-27'), (1, 1, '2026-03-28'), 
(1, 1, '2026-03-29'), (1, 1, '2026-03-30'), (1, 1, '2026-03-31'),
(2, 2, '2026-03-11'), (2, 2, '2026-03-12'), (2, 2, '2026-03-13'),
(2, 2, '2026-03-14'), (2, 2, '2026-03-15'), (2, 2, '2026-03-16'),
(2, 2, '2026-03-17'), (2, 2, '2026-03-18'), (2, 2, '2026-03-19'),
(2, 2, '2026-03-20'), (3, 2, '2026-03-21'), (3, 2, '2026-03-22'),
(3, 2, '2026-03-23'), (3, 2, '2026-03-24'), (3, 2, '2026-03-25'),
(3, 2, '2026-03-26'), (3, 2, '2026-03-27'), (3, 2, '2026-03-28'), 
(3, 2, '2026-03-29'), (3, 2, '2026-03-30'), (3, 2, '2026-03-31');

-- 12. Bảng Thưởng Phạt
INSERT INTO ThuongPhat (MaNV, Loai, SoTien, NgayGhiNhan, LyDo, TrangThai) VALUES
(2, 'Thưởng', 100000, '2026-03-08 10:00:00', 'Phục vụ tốt khách VIP 8/3', 'Chưa Xử Lý'),
(3, 'Phạt', 50000, '2026-03-15 10:30:00', 'Đi muộn 30p', 'Chưa Xử Lý');

-- 13. Bảng Lương (Chốt Tháng 2 Đã Trả, Tháng 3 Chưa Trả)
-- INSERT INTO BangLuong (MaNV, Thang, Nam, LuongTrachNhiem, TienPhuCapChucVu, TongCaLam, LuongCa, TongThuong, TongPhat, TongLuong, TrangThai) VALUES
-- -- THÁNG 02/2026: Đã trả xong xuôi
-- (1, 2, 2026, 5000000, 1000000, 26, 4680000, 500000, 0, 11180000, 'Đã Trả'),
-- (2, 2, 2026, 3000000, 200000, 28, 4200000, 300000, 0, 7700000, 'Đã Trả'),
-- (3, 2, 2026, 3000000, 200000, 24, 3600000, 150000, 50000, 6900000, 'Đã Trả'),
-- (4, 2, 2026, 2000000, 100000, 25, 6250000, 0, 0, 8350000, 'Đã Trả'),
-- (11, 2, 2026, 5500000, 500000, 22, 3960000, 0, 0, 9960000, 'Đã Trả'),

-- -- THÁNG 03/2026: Vừa chốt tháng, Đang chờ trả lương
-- (1, 3, 2026, 5000000, 1000000, 21, 3780000, 0, 0, 9780000, 'Chưa Trả'),
-- (2, 3, 2026, 3000000, 200000, 21, 3150000, 100000, 0, 6450000, 'Chưa Trả'),
-- (4, 3, 2026, 2000000, 100000, 14, 3500000, 0, 20000, 5580000, 'Chưa Trả'),
-- (11, 3, 2026, 5500000, 500000, 10, 1800000, 0, 0, 7800000, 'Chưa Trả');



